{
    "ansatz": "ansatz_2",
    "feature_map": "ZZFeatureMap",
    "accuracy": 0.42857142857142855,
    "precision": 0.5,
    "recall": 0.375,
    "f1": 0.42857142857142855
}