{
    "ansatz": "ansatz_3",
    "feature_map": "ZZFeatureMap",
    "reps": 2,
    "accuracy": 0.5277777777777778,
    "precision": 0.65,
    "recall": 0.5652173913043478,
    "f1": 0.6046511627906976
}