{
    "ansatz": "ansatz_1",
    "feature_map": "PauliFeatureMap",
    "reps": 2,
    "accuracy": 0.6388888888888888,
    "precision": 0.8125,
    "recall": 0.5652173913043478,
    "f1": 0.6666666666666667
}